<?xml version="1.0" encoding="UTF-8"?>
<playlist version="1" xmlns="http://xspf.org/ns/0/">
   <trackList>
      <track>
         <title>The Dark Knight Rises</title>
         <!--<location>http://progressive.totaleclips.com.edgesuite.net/105/e105947_257.mp4</location>-->
         <location>http://www.youtube.com/watch?v=g8evyE9TuYk</location>
         <image>http://www.movieposter.com/posters/archive/main/141/MPW-70758</image>
      </track>
      <track>
         <title>The Amazing Spiderman</title>
         <location>http://progressive.totaleclips.com.edgesuite.net/108/e108011_257.mp4</location>
         <image>http://www.movieposter.com/posters/archive/main/143/MPW-71679</image>
      </track>
      <track>
         <title>Matagascar III</title>
         <location>http://progressive.totaleclips.com.edgesuite.net/105/e105598_257.mp4</location>
         <image>http://www.movieposter.com/posters/archive/main/143/MPW-71686</image>
      </track>
      <track>
         <title>Snow White and the Huntsman</title>
         <location>http://progressive.totaleclips.com.edgesuite.net/103/e103981_257.mp4</location>
         <image>http://www.movieposter.com/posters/archive/main/142/MPW-71148</image>
      </track>
      <track>
         <title>Men in Black III</title>
         <location>http://progressive.totaleclips.com.edgesuite.net/105/e105857_257.mp4</location>
         <image>http://www.movieposter.com/posters/archive/main/146/MPW-73434</image>
      </track>
      <track>
         <title>The Three Stooges</title>
         <location>http://progressive.totaleclips.com.edgesuite.net/105/e105408_227.mp4</location>
         <image>http://www.movieposter.com/posters/archive/main/143/MPW-71689</image>
      </track>
      <track>
         <title>The Hunger Games</title>
         <location>http://progressive.totaleclips.com.edgesuite.net/107/e107950_227.mp4</location>
         <image>http://collider.com/wp-content/uploads/the-hunger-games-poster1.jpg</image>
      </track>
      <track>
         <title>Se7en</title>
         <location>http://progressive.totaleclips.com.edgesuite.net/102/e10278_301.mp4</location>
         <image>http://www.movieposter.com/posters/archive/main/84/MPW-42060</image>
      </track>
      <track>
         <title>The Matrix</title>
         <location>http://progressive.totaleclips.com.edgesuite.net/445/e44573_301.mp4</location>
         <image>http://www.movieposter.com/posters/archive/main/9/A70-4902</image>
      </track>
      <track>
         <title>Amelie</title>
         <location>http://progressive.totaleclips.com.edgesuite.net/203/e20379_301.mp4</location>
         <image>http://www.movieposter.com/posters/archive/main/91/MPW-45860</image>
      </track>
      <track>
         <title>The Prestige</title>
         <location>http://progressive.totaleclips.com.edgesuite.net/308/e30871_257.mp4</location>
         <image>http://www.movieposter.com/posters/archive/main/76/MPW-38403</image>
      </track>
   </trackList>
</playlist>
